mean_radius,mean_texture,mean_perimeter,mean_area,mean_smoothness,mean_compactness,mean_concavity,mean_concave_points,mean_symmetry,mean_fractal_dimension,radius_error,texture_error,perimeter_error,area_error,smoothness_error,compactness_error,concavity_error,concave_points_error,symmetry_error,fractal_dimension_error,worst_radius,worst_texture,worst_perimeter,worst_area,worst_smoothness,worst_compactness,worst_concavity,worst_concave_points,worst_symmetry,worst_fractal_dimension
19.8524,21.501,130.6741,1242.2281,0.0942,0.1276,0.1272,0.0841,0.2093,0.056,0.9544,1.1702,6.5858,122.2271,0.0068,0.0308,0.0349,0.0173,0.0189,0.0041,25.9547,28.5527,171.4628,2023.3126,0.1344,0.3295,0.3633,0.1861,0.3083,0.083
17.5183,24.7854,114.6527,987.696,0.1055,0.1633,0.2164,0.1076,0.1541,0.0637,1.0961,1.4217,7.2799,120.9195,0.0063,0.0371,0.0468,0.0158,0.0117,0.0051,23.0569,32.2393,155.6006,1649.3354,0.1362,0.3724,0.4824,0.1715,0.2144,0.0926
14.4659,13.6556,92.9763,656.5967,0.0987,0.0869,0.0781,0.0431,0.1736,0.0565,0.4064,0.6213,2.5918,36.3633,0.005,0.0177,0.0312,0.0086,0.0149,0.0023,16.4914,17.171,108.0592,851.0006,0.1237,0.1972,0.2463,0.0956,0.2603,0.0704
27.1152,21.9246,181.3729,2242.3117,0.109,0.1901,0.284,0.1889,0.1804,0.0576,0.8417,1.4753,5.9468,128.301,0.0047,0.0254,0.0313,0.0123,0.0157,0.0028,33.3451,32.851,219.7338,3186.2725,0.1475,0.4077,0.5359,0.2661,0.2842,0.0809
13.6575,18.6567,87.9787,574.9405,0.0999,0.1098,0.0532,0.0397,0.1715,0.0685,0.3235,1.2582,2.3586,27.052,0.0067,0.0224,0.0201,0.0135,0.0185,0.0037,15.2514,25.5369,100.7244,693.7671,0.1422,0.2532,0.1945,0.1276,0.2824,0.0906
13.4774,19.2174,89.4143,569.21,0.0904,0.1128,0.0978,0.0472,0.1852,0.0615,0.2282,0.8998,1.7523,19.6698,0.0039,0.0278,0.0374,0.0131,0.0159,0.004,15.1275,25.25,103.592,703.2921,0.1145,0.313,0.3634,0.139,0.2752,0.0881
13.5422,13.7348,87.6552,565.5254,0.1044,0.1166,0.0779,0.0451,0.1963,0.0632,0.2646,0.4828,2.0179,22.6854,0.0058,0.0229,0.0261,0.0085,0.0185,0.0029,14.7698,17.0521,102.0016,652.672,0.1377,0.2741,0.2512,0.091,0.3064,0.0813
11.5689,15.2687,75.0778,405.4685,0.115,0.0725,0.037,0.0323,0.2007,0.0648,0.3463,0.7593,2.3364,26.3884,0.0095,0.0103,0.0168,0.0112,0.0195,0.0031,12.9914,18.3502,82.6672,517.227,0.1461,0.1124,0.1153,0.0785,0.2781,0.0776
19.4318,23.2972,129.9113,1163.0612,0.1023,0.158,0.2045,0.0909,0.1973,0.06,0.531,1.8042,4.0264,58.3635,0.0107,0.0319,0.0382,0.0156,0.0218,0.0039,21.9164,30.1392,145.4538,1436.8629,0.1462,0.2952,0.3337,0.1553,0.2904,0.0762
11.8323,18.2549,76.8738,408.8513,0.1168,0.1486,0.105,0.056,0.1956,0.0725,0.4029,1.7337,3.0362,28.645,0.0145,0.0318,0.0505,0.0183,0.0184,0.0052,13.2554,25.568,88.6755,514.2494,0.1782,0.2855,0.3219,0.1419,0.2657,0.0925
10.3159,14.7305,66.8779,311.6971,0.0994,0.0921,0.032,0.0184,0.162,0.0703,0.3404,2.4783,2.4847,18.6159,0.0174,0.046,0.026,0.0129,0.0369,0.0068,10.6282,19.6212,71.0136,356.0365,0.1367,0.1659,0.067,0.0408,0.244,0.0847
19.9677,20.435,130.3998,1224.3094,0.1044,0.1317,0.1412,0.0942,0.181,0.0617,0.5147,0.8555,3.6755,59.9991,0.0049,0.0238,0.0321,0.0114,0.0102,0.0034,23.3841,25.249,161.6974,1647.8517,0.1414,0.3288,0.4193,0.1648,0.2536,0.0913
12.5764,20.6497,82.3887,473.3791,0.0996,0.1236,0.1096,0.0606,0.1732,0.0708,0.3382,1.7914,2.8249,21.1253,0.0129,0.0407,0.0517,0.0228,0.0212,0.0059,13.2751,25.5662,86.3085,556.9745,0.1298,0.2297,0.2257,0.1134,0.2218,0.0854
11.7273,12.8734,73.6047,444.3677,0.0889,0.0731,0.0429,0.0341,0.1621,0.0663,0.242,0.5282,1.5582,15.3828,0.0063,0.0127,0.0164,0.0071,0.0164,0.0026,13.1206,17.2316,82.8618,511.9537,0.144,0.1952,0.1911,0.0878,0.2748,0.0874
12.6537,12.1758,83.0173,480.886,0.0885,0.0578,0.025,0.0249,0.1576,0.0631,0.2231,0.6474,1.4973,18.3019,0.0061,0.0118,0.009,0.0081,0.017,0.0044,13.8416,16.7678,87.3152,559.0279,0.1318,0.1639,0.0885,0.0821,0.2767,0.0942
7.6862,24.5961,48.0941,176.4757,0.0521,0.0433,0.0,0.0019,0.1587,0.0589,0.388,1.4348,2.5652,19.4919,0.0072,0.0046,0.0005,0.0002,0.0269,0.0027,9.4605,30.0731,58.6819,271.0251,0.09,0.0642,0.0106,0.0006,0.2877,0.07
13.0985,15.4875,86.9634,554.5812,0.094,0.0833,0.0965,0.0353,0.1821,0.0619,0.2706,0.7847,1.8279,21.5634,0.0085,0.0206,0.0305,0.0096,0.0278,0.0035,14.911,20.4241,98.8326,689.0284,0.1481,0.2204,0.2951,0.0978,0.3866,0.0861
12.6701,17.4711,80.5666,519.6804,0.0794,0.0453,0.0133,0.0206,0.1443,0.0556,0.3004,0.8877,2.1483,23.6018,0.0073,0.0124,0.0055,0.0057,0.0197,0.0013,13.9848,21.0626,88.1508,599.7459,0.1075,0.0967,0.0366,0.0334,0.2161,0.0606
13.576,21.6297,86.6489,545.669,0.0792,0.0826,0.036,0.0225,0.1644,0.0585,0.3454,1.9197,2.5326,26.8003,0.0055,0.0242,0.0309,0.0101,0.0205,0.003,15.0018,30.1161,95.0507,650.9749,0.101,0.1797,0.143,0.0647,0.2472,0.0702
16.6049,20.1745,109.9595,818.2546,0.0986,0.1536,0.1802,0.0893,0.1793,0.0633,0.3019,1.2657,2.4699,32.9223,0.0065,0.0409,0.052,0.0181,0.017,0.0046,17.5638,28.3906,122.9613,1005.4895,0.1422,0.4683,0.5811,0.2024,0.3055,0.0958
13.6164,19.5648,86.3938,562.1068,0.0907,0.0623,0.0549,0.0336,0.1606,0.0566,0.467,1.139,3.2007,43.3138,0.0058,0.011,0.0222,0.0094,0.0152,0.0019,17.8511,29.969,116.3834,1005.0104,0.1392,0.1668,0.2678,0.1169,0.2898,0.0734
12.9094,22.4735,86.1482,494.0424,0.1085,0.1832,0.1681,0.0684,0.2115,0.0726,0.3031,1.0735,2.283,24.5832,0.007,0.038,0.0477,0.0149,0.0171,0.0056,15.0097,30.036,104.8629,699.4786,0.1784,0.5349,0.6376,0.1989,0.3418,0.1242
12.4363,15.7011,82.6525,470.3337,0.128,0.1691,0.1583,0.0819,0.2091,0.0764,0.3346,0.8577,2.2773,29.0992,0.0076,0.0337,0.0366,0.0116,0.0217,0.0051,15.5299,23.7311,103.1094,750.2682,0.1775,0.5311,0.5428,0.1678,0.4013,0.1241
11.1425,19.7697,70.8542,379.1991,0.1058,0.0669,0.0034,0.0061,0.1927,0.0603,0.3008,1.9815,1.9403,18.6306,0.0131,0.0109,0.003,0.005,0.042,0.0019,12.103,25.417,76.1481,423.4671,0.1433,0.086,0.0158,0.0223,0.3259,0.0659
15.0504,16.6415,99.27,715.701,0.0992,0.1359,0.0744,0.0623,0.1666,0.069,0.3663,0.8503,2.3524,35.23,0.0042,0.0181,0.02,0.01,0.0106,0.0032,16.7114,20.4102,110.0591,848.574,0.1142,0.2218,0.1865,0.107,0.2177,0.0862
19.5852,19.0448,129.9259,1228.2057,0.1158,0.1637,0.22,0.1049,0.1783,0.0661,1.1333,1.1648,7.3216,131.5118,0.0061,0.0313,0.0563,0.0171,0.0189,0.0049,26.076,26.2277,171.7535,2079.4425,0.1484,0.4069,0.6111,0.1992,0.2971,0.0989
13.8816,20.7059,90.1859,578.1155,0.1197,0.1667,0.0915,0.0584,0.2192,0.0746,0.575,1.3493,3.9025,51.6713,0.0088,0.0301,0.0243,0.0146,0.0149,0.0054,17.006,28.2024,110.9385,908.2099,0.1658,0.3698,0.2666,0.158,0.3206,0.1157
23.2623,26.543,159.4986,1701.1509,0.1142,0.2108,0.3527,0.1633,0.2193,0.0624,0.5675,1.5817,4.6829,84.9566,0.0094,0.0507,0.0897,0.0247,0.0213,0.0052,25.1773,32.7436,178.3971,1978.8438,0.1524,0.4147,0.7848,0.2729,0.3207,0.0877
8.9775,18.9566,61.6606,245.1372,0.0993,0.1968,0.1946,0.0477,0.2337,0.0876,0.4566,1.8965,3.7424,26.0798,0.0098,0.0656,0.1036,0.0254,0.035,0.0079,9.9695,23.5676,69.1676,271.737,0.1207,0.3729,0.4604,0.1173,0.3126,0.1049
12.559,17.2832,80.2913,492.8399,0.0897,0.077,0.0365,0.0237,0.1517,0.0608,0.1509,0.7537,1.2587,13.5748,0.0039,0.0133,0.0132,0.0072,0.0155,0.0015,14.1477,24.099,93.5175,585.806,0.127,0.2527,0.209,0.1046,0.3023,0.0765
13.4355,21.5884,85.6234,524.3123,0.0861,0.0624,0.0318,0.0236,0.1814,0.057,0.2718,1.551,2.0643,20.8881,0.0055,0.0202,0.0179,0.0064,0.0182,0.002,14.4539,29.1626,91.6184,640.7752,0.1139,0.1671,0.1232,0.0559,0.2636,0.0658
20.182,21.2468,135.6228,1274.4193,0.1171,0.1883,0.256,0.1497,0.2568,0.0669,0.5647,1.027,4.05,68.4932,0.0054,0.0242,0.031,0.0139,0.0279,0.0033,25.1301,31.6683,170.5452,1928.5205,0.1591,0.4533,0.5308,0.2682,0.5536,0.103
14.0039,27.1902,91.2835,596.6864,0.0992,0.1094,0.0465,0.0433,0.1541,0.062,0.3653,1.5053,2.8641,29.339,0.0076,0.0266,0.0213,0.0165,0.0211,0.0054,15.2521,33.3889,100.3996,681.652,0.1237,0.2251,0.1295,0.1048,0.2251,0.0841
13.2162,18.2667,84.6399,545.3619,0.0752,0.0579,0.0542,0.0309,0.1456,0.0556,0.2082,0.6775,1.3012,17.5095,0.0058,0.0144,0.0163,0.0087,0.011,0.0017,14.8169,24.0172,95.4852,650.7011,0.128,0.1841,0.1775,0.1064,0.22,0.0684
9.2395,21.901,58.6248,238.6523,0.0921,0.0554,0.0393,0.0139,0.1705,0.0656,0.3019,1.8639,2.2078,19.0831,0.011,0.018,0.0393,0.0131,0.0377,0.0045,10.0829,25.0658,63.5915,298.8911,0.1095,0.084,0.0817,0.0251,0.2453,0.0735
21.7265,20.9156,148.497,1490.0271,0.0934,0.1983,0.223,0.1072,0.1705,0.0614,1.1565,1.364,8.8309,157.5506,0.0056,0.0501,0.0631,0.0154,0.0193,0.0046,28.2649,28.3049,196.1136,2391.1147,0.1265,0.4704,0.592,0.1888,0.2833,0.0881
14.4256,16.6757,90.7398,644.8589,0.0637,0.0285,0.0064,0.0051,0.1516,0.0537,0.1299,0.7131,0.86,12.309,0.0035,0.0032,0.0043,0.0036,0.015,0.0014,14.9567,20.989,94.1755,710.7475,0.0855,0.0578,0.0412,0.0367,0.2453,0.0618
11.6519,19.0592,73.7549,418.0427,0.0856,0.0803,0.0535,0.0137,0.2031,0.0623,0.2824,1.4422,2.1789,20.8414,0.0073,0.0207,0.0443,0.0084,0.0188,0.0033,12.9168,26.9215,83.9799,540.6355,0.1254,0.1951,0.247,0.0681,0.3043,0.0829
13.9006,16.238,88.1084,602.838,0.0697,0.049,0.0183,0.0081,0.1613,0.055,0.2625,0.6159,1.7493,22.449,0.0037,0.0143,0.0195,0.007,0.0164,0.002,15.7852,20.1751,100.3589,787.3152,0.0856,0.1247,0.1189,0.0474,0.2533,0.0658
15.2607,16.8491,98.3522,696.1853,0.0896,0.0964,0.0742,0.0435,0.1587,0.0599,0.2811,0.3702,1.9327,26.7422,0.0055,0.0189,0.021,0.0082,0.0154,0.0029,18.0442,20.0979,119.3389,1003.668,0.1483,0.3357,0.335,0.126,0.3422,0.0979
12.7756,16.2631,82.4494,514.4264,0.0792,0.0544,0.0386,0.0227,0.1828,0.0567,0.1896,0.9081,1.5882,16.461,0.0054,0.0159,0.0227,0.0083,0.0188,0.0022,13.7647,21.8103,90.808,618.6825,0.1103,0.1447,0.1749,0.083,0.3041,0.0693
15.6365,20.449,102.6051,764.142,0.1025,0.1214,0.1142,0.0673,0.1933,0.0631,0.3584,0.9247,2.1443,31.3351,0.0048,0.024,0.0237,0.0089,0.0179,0.0031,19.4506,30.2116,125.2211,1094.626,0.1551,0.4507,0.3929,0.1492,0.401,0.1057
11.1144,20.0798,71.0881,394.1721,0.0861,0.0457,0.0064,0.0052,0.164,0.0635,0.1327,1.0961,1.0062,9.8664,0.0041,0.0056,0.0051,0.004,0.015,0.0023,11.5738,26.5237,76.3505,428.8329,0.1113,0.077,0.0283,0.0315,0.2558,0.0768
15.1719,22.3826,99.1422,705.5315,0.0899,0.1056,0.0516,0.0307,0.1717,0.063,0.2087,0.4913,1.2465,19.7897,0.0032,0.0137,0.016,0.0061,0.0119,0.0026,17.8932,28.2332,112.0857,963.9096,0.1305,0.3283,0.3637,0.1213,0.3203,0.0982
11.5905,17.587,76.2753,422.3084,0.1073,0.0994,0.0549,0.0456,0.1603,0.0669,0.4435,1.9207,3.1386,30.4106,0.0066,0.0174,0.0177,0.0131,0.0181,0.0024,13.2926,27.9614,86.9722,580.9809,0.1346,0.1823,0.136,0.1017,0.2451,0.0781
12.4328,16.8217,78.8032,489.0182,0.0748,0.0362,0.0106,0.0195,0.1475,0.0554,0.3751,2.209,2.4449,31.7939,0.0073,0.0109,0.0106,0.0109,0.0342,0.0028,12.9237,20.4248,82.9719,528.4171,0.0848,0.0438,0.0285,0.0285,0.1871,0.06
14.4354,15.2798,94.7531,665.5154,0.1126,0.1331,0.0958,0.0688,0.2119,0.064,0.5093,0.7165,3.8264,42.4493,0.0056,0.0439,0.0438,0.0165,0.0242,0.0049,16.5098,18.1835,109.7674,818.0417,0.1291,0.306,0.2633,0.1442,0.3146,0.0854
11.1851,16.8417,70.4829,381.8634,0.1078,0.0781,0.0293,0.0251,0.1717,0.0638,0.1955,1.3991,1.397,14.9675,0.0053,0.0096,0.01,0.0073,0.017,0.0022,12.4574,26.4742,79.0468,480.0614,0.1358,0.1451,0.1093,0.074,0.2975,0.0786
13.3241,22.6762,87.3576,539.4313,0.1003,0.1492,0.0855,0.0523,0.1839,0.0728,0.1907,0.9505,1.3995,14.6661,0.0053,0.0304,0.0254,0.0084,0.0251,0.0041,14.4467,29.0167,98.7073,643.3517,0.135,0.4413,0.3162,0.1145,0.4119,0.1076
25.685,17.4576,174.2421,2023.0793,0.1151,0.2354,0.3357,0.1903,0.1943,0.0613,0.9975,0.8567,7.2035,151.4277,0.0064,0.0416,0.0435,0.0151,0.0232,0.0034,33.4892,23.8454,230.0585,3267.1325,0.1523,0.5984,0.6382,0.2721,0.3683,0.0883
13.4444,20.7696,89.0148,552.1237,0.1013,0.1253,0.106,0.0543,0.1723,0.064,0.2184,0.5944,1.6394,19.4637,0.0053,0.0219,0.031,0.0127,0.0134,0.0031,15.4088,26.0892,105.1873,766.8122,0.1619,0.4151,0.4972,0.2263,0.2773,0.1073
11.5235,20.0657,76.2272,416.6096,0.1016,0.0956,0.0414,0.0239,0.1855,0.0649,0.2043,0.8598,1.3204,16.7179,0.0051,0.0173,0.0182,0.0051,0.0147,0.0027,13.3115,29.0684,85.746,549.0909,0.1543,0.2975,0.2749,0.0804,0.3199,0.0897
9.5615,13.0412,63.3636,274.8967,0.1254,0.22,0.1174,0.0711,0.2063,0.096,0.2767,1.388,1.7672,17.3407,0.0218,0.0487,0.0518,0.0146,0.0264,0.0114,10.5884,18.0239,68.8314,336.9776,0.2009,0.3683,0.29,0.1063,0.2864,0.1367
18.8715,20.0389,120.9754,1095.5401,0.0886,0.0571,0.0809,0.0586,0.1558,0.0499,0.3437,0.8234,2.3998,36.0317,0.0078,0.011,0.0255,0.0147,0.0192,0.0018,20.1137,24.4015,127.3877,1229.7441,0.1235,0.1124,0.2149,0.131,0.2553,0.0579
12.8825,12.949,82.1933,514.5286,0.0874,0.0374,0.009,0.0144,0.1464,0.0617,0.2859,0.9776,1.7908,20.1647,0.0085,0.0068,0.0069,0.0073,0.0107,0.0032,13.3972,16.2214,87.354,535.0265,0.1145,0.0495,0.0217,0.042,0.1807,0.0731
17.9996,16.0473,120.023,1003.0757,0.1071,0.2148,0.1682,0.1071,0.2152,0.0671,0.9783,0.5425,6.3282,134.4419,0.008,0.0588,0.0472,0.0206,0.026,0.0071,22.4177,19.0859,150.009,1591.9145,0.1472,0.5575,0.3717,0.2105,0.3747,0.1101
11.0337,14.7228,69.815,383.3652,0.0797,0.0721,0.0359,0.0189,0.1997,0.0625,0.1702,1.0439,1.1887,11.7232,0.0054,0.0191,0.018,0.0069,0.019,0.002,12.2475,21.1127,79.3862,445.419,0.1086,0.1942,0.1646,0.0704,0.3209,0.0729
14.648,14.6518,95.6159,674.8393,0.0887,0.0786,0.0486,0.0355,0.153,0.0592,0.3309,0.4106,2.4957,29.0961,0.0049,0.0141,0.0185,0.0105,0.0217,0.0028,17.628,18.2507,113.7638,903.6352,0.1217,0.2029,0.215,0.126,0.312,0.0819
