mean_radius,mean_texture,mean_perimeter,mean_area,mean_smoothness,mean_compactness,mean_concavity,mean_concave_points,mean_symmetry,mean_fractal_dimension,radius_error,texture_error,perimeter_error,area_error,smoothness_error,compactness_error,concavity_error,concave_points_error,symmetry_error,fractal_dimension_error,worst_radius,worst_texture,worst_perimeter,worst_area,worst_smoothness,worst_compactness,worst_concavity,worst_concave_points,worst_symmetry,worst_fractal_dimension,Outcome
10.9309,14.9038,71.2691,368.6106,0.0792,0.0736,0.0363,0.0203,0.2002,0.0625,0.1689,1.0325,1.3128,11.782,0.0051,0.0187,0.0173,0.007,0.0189,0.0019,12.2009,20.7474,79.6919,468.7487,0.1103,0.197,0.1557,0.0661,0.3219,0.073,0
13.8268,19.1542,88.7739,566.9098,0.09,0.1148,0.094,0.0473,0.1843,0.0618,0.2221,0.8947,1.8199,19.6918,0.0039,0.0284,0.0366,0.0126,0.0161,0.004,15.3248,25.5121,101.2417,692.8544,0.1137,0.3167,0.3666,0.143,0.2803,0.0875,0
19.871,20.2922,131.0927,1202.6235,0.1033,0.1305,0.1401,0.0963,0.1793,0.0621,0.5151,0.8881,3.6318,61.0447,0.0051,0.0227,0.0306,0.0118,0.0107,0.0033,23.4232,25.2248,158.4892,1657.9853,0.1416,0.3289,0.4149,0.1568,0.2545,0.0912,1
13.5457,21.7075,86.8201,564.3414,0.0799,0.0856,0.0393,0.0201,0.1622,0.0586,0.3351,1.9238,2.5055,28.7149,0.0055,0.0234,0.0308,0.0099,0.0203,0.0031,15.151,30.0382,97.6644,706.0917,0.1009,0.1734,0.1532,0.0606,0.2451,0.0698,1
19.8846,21.5488,130.1971,1241.4504,0.0938,0.13,0.1241,0.0887,0.2101,0.0556,0.9573,1.182,6.4338,123.4497,0.0068,0.0317,0.0346,0.0171,0.0191,0.004,25.8274,28.5201,168.7678,2035.3053,0.1342,0.321,0.3615,0.1799,0.3099,0.0822,0
11.5192,12.8725,75.0163,415.6064,0.0906,0.0735,0.0453,0.0305,0.1626,0.0659,0.2255,0.5376,1.3322,15.0011,0.0062,0.0136,0.0178,0.0069,0.0169,0.0025,13.3603,17.1395,83.4735,526.8162,0.1421,0.1869,0.1937,0.0815,0.2783,0.0876,0
13.8933,16.0644,88.511,612.0868,0.0706,0.0495,0.0208,0.0067,0.1612,0.0545,0.2552,0.6247,1.6326,23.4524,0.0037,0.0138,0.0201,0.0068,0.0167,0.0019,15.5378,20.0434,100.639,782.266,0.0859,0.1175,0.1039,0.044,0.2537,0.0661,1
11.5536,19.0951,74.5234,409.2717,0.0854,0.0762,0.0563,0.0147,0.2045,0.0628,0.2836,1.4665,2.1808,21.1411,0.0073,0.0205,0.0457,0.0089,0.0186,0.0034,13.2008,26.9424,87.3163,516.2259,0.1241,0.202,0.2589,0.0661,0.3045,0.0825,0
12.8282,22.2828,84.9124,496.0161,0.1087,0.1823,0.1708,0.0701,0.2127,0.0724,0.3134,1.0494,2.194,24.3948,0.007,0.0387,0.0461,0.0151,0.0169,0.0057,14.997,30.1921,104.5086,708.1923,0.1781,0.5366,0.6273,0.1984,0.3416,0.125,1
14.7416,14.9101,96.0963,666.8133,0.0893,0.0784,0.0487,0.0366,0.1515,0.0591,0.3373,0.3785,2.6005,29.6259,0.0045,0.015,0.0182,0.0106,0.0219,0.0028,17.0878,18.064,114.2441,871.5881,0.1225,0.201,0.2149,0.126,0.3131,0.0813,1
11.5815,17.579,75.1749,411.2198,0.1073,0.0966,0.0504,0.045,0.1594,0.0671,0.4343,1.8783,3.1254,31.3146,0.0066,0.0187,0.0166,0.0132,0.0185,0.0023,13.3808,28.0379,85.1183,550.9517,0.1363,0.1918,0.1263,0.1021,0.2513,0.079,0
13.5963,20.9662,87.9847,555.0399,0.1013,0.1251,0.1049,0.0546,0.1706,0.064,0.2021,0.5976,1.5076,20.5233,0.0053,0.0225,0.0311,0.0128,0.0138,0.0031,15.5559,26.0564,105.7495,729.8585,0.1602,0.4202,0.515,0.2243,0.2818,0.1068,0
12.4029,15.9323,83.2284,479.006,0.1273,0.1695,0.1578,0.0789,0.209,0.0758,0.3243,0.8929,2.1614,27.8617,0.0076,0.0335,0.0374,0.0116,0.0217,0.0051,15.6793,23.7327,101.1061,739.6024,0.18,0.5255,0.5441,0.1729,0.3966,0.1247,1
13.6041,13.8194,88.0568,563.5341,0.105,0.1215,0.0779,0.0458,0.1972,0.0629,0.2637,0.4569,2.0434,23.1375,0.006,0.0231,0.0253,0.0082,0.0187,0.003,15.0522,17.1726,103.0308,675.0346,0.1385,0.272,0.2602,0.092,0.3034,0.0825,1
13.2451,19.6588,87.305,564.7328,0.0901,0.0654,0.0607,0.0355,0.16,0.0568,0.4829,1.1583,3.1701,41.5947,0.0061,0.0102,0.0213,0.0094,0.0151,0.0019,18.0192,29.8335,116.466,989.4265,0.1408,0.1551,0.2691,0.1144,0.2916,0.0734,1
13.1536,15.3098,85.5184,539.4656,0.0937,0.0872,0.0913,0.0323,0.1827,0.0623,0.2688,0.8008,1.8262,22.8268,0.0085,0.0202,0.0307,0.0098,0.0277,0.0034,14.4856,20.5692,97.8225,724.1429,0.1464,0.2152,0.3036,0.0967,0.3827,0.0867,0
12.7859,13.1547,80.279,509.9651,0.0866,0.0382,0.004,0.0157,0.1464,0.0611,0.2861,0.9503,1.8663,21.106,0.0084,0.0066,0.0074,0.0074,0.0105,0.0034,13.6063,16.3388,85.1784,587.7681,0.1163,0.0518,0.0316,0.0388,0.1755,0.0732,0
12.7601,16.4607,82.2654,527.8805,0.0792,0.0525,0.0438,0.0212,0.1828,0.0568,0.2024,0.8978,1.4559,15.3443,0.0053,0.0162,0.0228,0.0085,0.0183,0.0023,13.9503,22.0375,89.1757,614.5443,0.1104,0.1531,0.1848,0.0796,0.3007,0.0705,0
12.7334,12.1814,81.9169,500.8967,0.0876,0.0572,0.0246,0.0241,0.1575,0.0626,0.2332,0.6506,1.4936,18.5698,0.0063,0.0125,0.0078,0.0079,0.0172,0.0044,13.5157,16.7354,89.5747,530.6857,0.1307,0.1561,0.0936,0.085,0.2762,0.0946,0
11.2633,19.9158,71.1212,401.8513,0.0846,0.0443,0.0085,0.0053,0.1641,0.0635,0.1304,1.0735,0.9796,7.7029,0.0043,0.0057,0.0042,0.0042,0.0148,0.0023,11.9668,26.4827,76.287,437.9351,0.11,0.0751,0.0267,0.0286,0.2559,0.0766,0
18.8685,19.9505,120.7707,1095.0597,0.089,0.0584,0.0808,0.0579,0.1561,0.0499,0.3355,0.8342,2.3836,36.0701,0.0076,0.0106,0.0258,0.0147,0.0192,0.0017,20.0394,24.5781,127.5323,1234.0987,0.1242,0.1134,0.2201,0.1316,0.2552,0.0576,0
12.5511,20.8717,82.1318,495.6386,0.0989,0.1191,0.1002,0.0627,0.1742,0.0704,0.3378,1.8046,2.7474,21.7949,0.013,0.0405,0.0506,0.0229,0.021,0.0059,13.2435,25.23,87.2758,538.6431,0.1298,0.2293,0.2227,0.1084,0.2189,0.085,0
19.3367,23.442,129.1092,1147.3699,0.1024,0.1582,0.2012,0.0888,0.1971,0.06,0.5212,1.8035,4.0274,60.5989,0.0106,0.0322,0.0393,0.0156,0.0221,0.0039,21.7773,30.3849,143.3973,1434.5122,0.1466,0.303,0.3455,0.1576,0.2933,0.0758,0
15.2808,22.1547,99.5812,708.2408,0.0908,0.1034,0.0564,0.0329,0.1722,0.0628,0.2014,0.4886,1.3871,18.619,0.0034,0.0138,0.0172,0.0061,0.0117,0.0026,17.5835,27.7472,110.5699,973.5558,0.1294,0.3315,0.3553,0.1227,0.3187,0.0983,1
16.4115,20.3152,109.0755,851.1065,0.0984,0.1588,0.1793,0.0861,0.1789,0.0634,0.2927,1.2959,2.4871,31.991,0.0066,0.0406,0.0537,0.018,0.0165,0.0045,17.907,28.5625,124.512,979.5317,0.1421,0.468,0.5872,0.2009,0.303,0.0957,0
7.8097,24.385,47.621,188.4313,0.053,0.0416,0.0033,0.001,0.1583,0.0592,0.4004,1.411,2.5376,19.0924,0.0071,0.0053,0.0004,0.0002,0.0271,0.0029,9.5748,30.3156,59.4382,240.9955,0.0905,0.066,0.0044,0.0008,0.2891,0.0703,0
27.0959,21.8989,183.4687,2257.6756,0.1088,0.195,0.2865,0.1876,0.1795,0.0579,0.8201,1.4874,5.8741,129.2797,0.0045,0.0252,0.0308,0.0125,0.0158,0.0028,33.0797,32.9003,221.6978,3203.5827,0.1482,0.3979,0.541,0.2669,0.2846,0.0807,0
12.5853,17.1693,81.5116,455.8977,0.0892,0.0742,0.0382,0.0248,0.1523,0.0605,0.1549,0.7737,1.2041,12.998,0.0039,0.0127,0.014,0.007,0.0154,0.0015,13.7522,24.5075,92.7547,583.9068,0.1268,0.2534,0.2084,0.1081,0.3054,0.0756,0
9.7354,13.1681,64.8352,273.1857,0.1254,0.2176,0.1205,0.0717,0.2049,0.0957,0.2798,1.411,1.82,18.9706,0.0217,0.0484,0.0517,0.0144,0.0262,0.0114,10.6529,18.2486,70.1744,288.5135,0.2004,0.368,0.2881,0.107,0.2847,0.136,0
13.6696,18.7214,89.3662,586.8731,0.0992,0.1032,0.0532,0.038,0.1718,0.0684,0.311,1.267,2.3058,24.2565,0.0066,0.0225,0.0206,0.0136,0.0187,0.0037,15.4254,25.642,98.8901,685.7666,0.1429,0.2556,0.2003,0.1298,0.2823,0.0901,1
15.233,16.8835,99.4065,717.0439,0.0886,0.0958,0.0677,0.0407,0.1596,0.0592,0.2775,0.3665,1.8723,26.3064,0.0054,0.0195,0.0209,0.0078,0.015,0.0029,17.6567,20.3385,117.6298,1028.4099,0.1484,0.3375,0.338,0.125,0.3376,0.0976,0
9.3694,21.9407,60.215,260.7225,0.0921,0.059,0.0421,0.0142,0.1695,0.0658,0.2959,1.8881,2.082,17.0149,0.011,0.0189,0.0402,0.0126,0.0377,0.0045,10.0346,24.778,63.8814,309.5554,0.1103,0.0906,0.0839,0.0271,0.2423,0.0744,0
13.7466,20.7297,89.9103,573.1792,0.1191,0.1649,0.095,0.0614,0.2189,0.0746,0.5856,1.3755,3.8257,52.8274,0.0086,0.0302,0.025,0.0147,0.0148,0.0053,17.0414,28.0685,109.6734,916.8419,0.1654,0.3691,0.2756,0.1529,0.3198,0.1163,0
12.6867,17.6684,81.4748,488.8403,0.0785,0.0449,0.0127,0.0201,0.1448,0.0552,0.3061,0.8901,2.0897,24.5201,0.0074,0.0111,0.0051,0.0055,0.0193,0.0011,13.7398,21.0939,87.6178,605.4864,0.1064,0.092,0.0321,0.0342,0.2151,0.0588,0
20.3394,21.4372,135.9413,1260.5249,0.1165,0.1881,0.2554,0.1484,0.2569,0.0664,0.5659,1.0164,3.9678,70.5902,0.0055,0.0243,0.0324,0.0136,0.0277,0.0034,25.0844,32.0376,169.5194,1933.9391,0.158,0.451,0.5382,0.2713,0.5583,0.1023,0
13.5732,21.4208,85.8248,561.4938,0.0863,0.062,0.0309,0.0224,0.1823,0.0568,0.2664,1.5377,2.0781,20.0808,0.0056,0.0206,0.0184,0.0062,0.0184,0.0019,14.0971,29.1048,93.5293,642.2464,0.1134,0.1731,0.1257,0.0556,0.2641,0.0668,1
23.2565,26.7463,158.4354,1671.7399,0.1151,0.21,0.3556,0.1613,0.2212,0.0623,0.5454,1.5773,4.7318,81.3632,0.0094,0.0504,0.0898,0.0245,0.0218,0.0051,25.2305,32.6271,176.6256,1949.5765,0.1538,0.4185,0.7892,0.2753,0.3193,0.0873,0
11.6691,18.3499,75.6899,399.3829,0.1179,0.1498,0.0972,0.0546,0.195,0.0727,0.4246,1.721,3.0391,27.4681,0.0146,0.0317,0.0492,0.0183,0.0177,0.0052,13.589,25.5651,85.8558,563.4465,0.1794,0.2825,0.3314,0.1412,0.2683,0.0922,0
10.1583,14.7337,65.7265,314.4135,0.0989,0.0915,0.0325,0.0216,0.1633,0.07,0.3222,2.5268,2.4708,20.0818,0.0173,0.0467,0.0265,0.0127,0.0364,0.0068,11.2028,19.5871,69.127,333.8485,0.1358,0.1614,0.0762,0.0387,0.244,0.0852,0
11.2828,19.7559,71.4436,402.7557,0.1047,0.0666,0.0067,0.0053,0.1941,0.0601,0.2865,1.9903,1.9626,20.7338,0.0129,0.0107,0.0043,0.0048,0.0422,0.0019,11.8994,25.5914,74.9183,438.0709,0.1422,0.0988,0.0064,0.0238,0.3293,0.0656,0
17.8579,16.1554,119.9891,977.1789,0.1065,0.2164,0.1684,0.1089,0.2152,0.0662,0.9727,0.5883,6.3354,135.685,0.0081,0.0579,0.0464,0.0205,0.026,0.0071,22.5062,19.063,149.1631,1621.861,0.1473,0.5651,0.3767,0.2095,0.3724,0.1115,1
15.8298,20.3272,101.5237,741.1969,0.1023,0.1222,0.1149,0.0641,0.1939,0.063,0.3401,0.9131,2.2261,32.5843,0.0051,0.0242,0.023,0.0085,0.0181,0.0031,19.6531,30.5127,125.6261,1135.3622,0.1542,0.444,0.3974,0.1471,0.3991,0.1067,0
11.8538,15.4942,75.1891,435.7088,0.1153,0.071,0.0402,0.0312,0.2017,0.0655,0.3372,0.7457,2.4053,22.1207,0.0095,0.0108,0.0157,0.0111,0.0195,0.0031,13.1491,18.3581,84.8784,508.9812,0.1456,0.1138,0.117,0.077,0.2757,0.0772,0
21.6067,20.6048,146.2328,1501.424,0.0951,0.1932,0.2249,0.1099,0.1723,0.0621,1.1506,1.347,8.8101,154.1171,0.0057,0.0495,0.0641,0.0159,0.0191,0.0047,28.2081,28.351,195.8053,2361.3072,0.1271,0.4778,0.5746,0.1829,0.2822,0.089,0
13.2142,22.4948,86.3682,539.4653,0.1008,0.1483,0.0864,0.0503,0.1843,0.0735,0.1957,0.9156,1.4915,15.4739,0.0054,0.0305,0.0254,0.0082,0.0253,0.0042,14.3074,29.3321,100.5384,653.5408,0.1343,0.4369,0.3138,0.111,0.4129,0.1074,0
8.9719,18.8957,61.4358,248.2559,0.0995,0.1965,0.1979,0.0497,0.2336,0.0871,0.4663,1.8894,3.8588,24.5341,0.0099,0.0659,0.1025,0.0255,0.0348,0.0079,10.1042,23.3457,68.3152,333.0794,0.1228,0.3752,0.4697,0.1163,0.3134,0.105,0
11.0641,16.8946,70.7406,381.0535,0.108,0.0785,0.0337,0.0252,0.1718,0.0632,0.1905,1.3718,1.3449,13.0313,0.0051,0.0091,0.01,0.0075,0.0168,0.0021,12.4816,26.6181,78.7761,460.8429,0.1375,0.1472,0.1033,0.0735,0.3011,0.0787,0
25.5261,17.318,173.9384,2012.3333,0.1154,0.2359,0.3408,0.1939,0.1955,0.0616,0.9949,0.8641,7.1776,155.0695,0.0063,0.0417,0.0435,0.015,0.0231,0.0033,33.1116,23.3893,227.5973,3218.0356,0.1531,0.5918,0.6474,0.277,0.3717,0.0879,0
14.1921,16.8604,90.926,625.3632,0.0647,0.0283,0.0039,0.0067,0.1504,0.0539,0.1287,0.7336,0.8052,11.6201,0.0036,0.0035,0.0048,0.0036,0.0153,0.0014,14.9405,20.7551,95.8093,691.7384,0.0864,0.0473,0.0342,0.0321,0.2425,0.0613,1
11.572,19.896,74.0516,409.105,0.1015,0.0963,0.0375,0.0205,0.1854,0.0649,0.2071,0.8627,1.4338,16.393,0.0055,0.0176,0.0188,0.0053,0.0145,0.0027,13.5561,28.8439,87.3889,540.6262,0.1534,0.2865,0.283,0.0782,0.3246,0.0894,0
14.1264,27.3938,91.2614,592.6904,0.0996,0.1121,0.0488,0.0436,0.154,0.0615,0.3676,1.4853,2.8478,29.6958,0.0073,0.0263,0.0213,0.0164,0.021,0.0052,15.2565,33.2864,99.0403,698.912,0.1238,0.2313,0.1288,0.1042,0.2252,0.0833,1
14.6311,15.3641,95.709,669.5711,0.1135,0.1329,0.1038,0.0698,0.2112,0.0637,0.513,0.7146,3.8465,41.6452,0.0052,0.044,0.045,0.0163,0.0243,0.0048,16.2418,18.4531,111.0066,831.9887,0.1266,0.3093,0.2578,0.1386,0.3106,0.0851,1
14.4751,13.6855,93.0723,672.3147,0.099,0.0893,0.0857,0.044,0.1744,0.0565,0.4172,0.5991,2.5659,37.1756,0.005,0.0184,0.0303,0.0085,0.0159,0.0023,16.8049,17.264,109.1488,862.7187,0.123,0.1941,0.2556,0.0926,0.2668,0.07,1
12.5161,17.1058,79.3757,486.0154,0.0762,0.0352,0.0095,0.0173,0.1484,0.0556,0.378,2.2027,2.4877,31.5336,0.0072,0.0112,0.0097,0.0114,0.034,0.003,12.9595,20.2113,82.0417,502.6884,0.0843,0.0344,0.025,0.0273,0.1871,0.0598,0
17.2302,24.6222,114.5537,997.2546,0.1048,0.1618,0.2194,0.1029,0.1536,0.0637,1.0934,1.4383,7.3572,121.8038,0.0061,0.0359,0.047,0.0159,0.0115,0.0051,23.0981,32.4275,156.2418,1646.0175,0.1372,0.3865,0.4876,0.1722,0.2177,0.0938,0
15.032,16.8152,99.7265,678.2158,0.0988,0.1369,0.0802,0.06,0.1662,0.0686,0.3699,0.8329,2.2475,33.8279,0.0041,0.0176,0.0201,0.0104,0.0103,0.0032,16.7389,20.6778,109.5364,837.5086,0.1144,0.2219,0.1735,0.1018,0.2151,0.0859,1
13.2144,18.2378,86.0152,543.017,0.0747,0.0595,0.049,0.0282,0.1449,0.0555,0.2071,0.7138,1.2713,17.8477,0.0062,0.0152,0.0155,0.0085,0.011,0.0016,14.7282,23.7923,94.0894,680.737,0.1279,0.1944,0.1823,0.1023,0.2245,0.069,0
19.3461,19.0615,130.6184,1215.8851,0.1155,0.1658,0.2167,0.1041,0.1789,0.0654,1.1141,1.1863,7.2845,131.2618,0.0059,0.0321,0.0564,0.0174,0.0185,0.0049,26.0138,25.9701,170.1213,2058.4695,0.1486,0.4091,0.616,0.201,0.299,0.0992,0
