Pregnancies,Glucose,BloodPressure,SkinThickness,Insulin,BMI,DiabetesPedigreeFunction,Age,Outcome
6,169,101,0,213,37.2801,0.3689,47,1
2,144,99,16,257,29.8932,0.2402,45,0
0,176,117,0,213,41.541,0.7347,50,1
2,159,97,22,213,38.1112,0.0904,43,0
3,156,91,0,213,32.2352,0.15,39,0
4,216,101,0,213,53.3233,0.4822,44,1
0,186,113,26,213,41.9755,0.4369,40,0
1,152,101,30,295,40.4457,0.82,42,0
10,207,113,0,213,37.5328,0.182,72,0
1,145,95,29,409,41.726,0.4464,60,0
3,203,105,36,458,41.7175,0.8628,46,1
8,171,117,36,321,48.1723,0.3453,67,0
3,158,73,13,213,32.096,0.1488,40,0
0,162,29,0,213,43.7349,0.9235,62,0
1,192,123,41,213,59.207,0.3542,45,1
5,173,109,0,213,44.5697,0.1467,63,0
0,150,93,41,355,51.1551,0.1739,40,0
0,192,114,54,213,52.6337,0.3697,42,0
2,145,93,23,213,39.2022,0.3692,39,0
0,180,123,46,358,50.249,0.2943,44,0
0,176,95,40,213,43.8891,0.1896,40,1
0,168,117,37,213,44.9893,0.1896,47,0
2,200,81,27,753,48.6322,0.2354,43,1
2,165,105,37,318,49.3706,0.2177,47,0
6,144,89,19,267,36.5928,0.5024,50,0
0,190,29,0,213,54.0939,0.6353,49,1
3,129,101,32,213,46.7863,0.2734,46,0
5,156,101,28,213,33.86,0.4152,45,0
5,184,109,35,373,40.955,0.357,43,1
3,132,89,18,213,31.4585,0.4477,39,0
12,133,103,40,267,45.0155,0.3925,66,0
1,160,99,30,309,44.2728,0.5336,50,1
2,203,119,0,213,41.2235,0.8241,84,1
3,148,101,30,365,37.1391,0.7363,45,0
1,184,91,41,693,50.0404,0.5323,39,0
10,174,91,36,213,50.7427,0.4361,56,1
7,151,89,24,213,36.3023,0.2972,47,1
7,182,119,41,213,41.793,0.3817,57,0
0,146,94,28,213,34.6667,0.2251,40,0
8,224,101,42,343,42.5504,0.7088,54,1
5,155,97,0,213,36.029,0.2957,48,0
4,172,117,11,368,44.0617,0.5865,46,0
3,123,79,32,301,40.5364,0.2482,44,1
9,229,114,15,213,39.679,1.2243,67,1
2,187,111,18,277,34.5018,0.7532,39,0
6,147,119,39,213,45.3606,0.6788,46,0
3,218,113,33,687,45.361,0.2686,40,1
1,164,117,41,383,55.2043,0.5106,44,0
5,122,111,41,255,45.4296,0.1471,53,0
12,196,99,40,484,51.8143,0.7375,56,1
10,146,105,48,393,42.7575,0.1751,81,0
0,140,109,45,305,46.3244,0.3204,44,0
5,141,103,18,280,43.1559,0.9814,61,0
0,146,91,0,213,31.7062,0.3514,43,0
0,210,105,43,468,57.6647,0.2549,44,0
8,144,113,0,213,45.3062,0.3918,68,0
4,177,29,0,213,42.5307,0.2918,41,1
2,174,29,0,213,48.4373,0.3025,59,0
6,150,99,32,281,40.0423,0.1306,55,0
11,200,105,28,363,42.962,1.3577,69,1
8,165,107,0,213,35.052,0.4085,82,0
5,89,91,0,213,34.7165,0.5806,54,0
2,128,95,23,263,41.8499,0.5119,40,0
5,181,113,41,301,45.0107,0.2855,53,1
3,175,107,23,292,38.0402,0.3084,52,1
0,112,105,0,213,54.8916,0.2018,64,0
4,140,99,32,213,41.883,0.5999,42,0
1,234,89,23,1059,39.8869,0.3967,77,1
4,191,107,0,213,48.279,0.5199,85,1
7,107,107,0,213,42.1824,0.3836,59,0
7,224,124,31,213,43.8259,0.1654,78,0
3,144,91,19,287,31.4309,0.2753,44,0
0,136,97,32,423,49.786,0.3848,43,0
7,204,93,0,213,36.9919,0.3005,58,0
4,168,91,0,213,41.6808,0.2293,53,1
12,145,113,33,318,39.7079,0.4895,64,0
10,170,99,26,328,40.8297,0.2011,59,1
3,214,103,19,338,39.6514,0.2761,49,1
