Pregnancies,Glucose,BloodPressure,SkinThickness,Insulin,BMI,DiabetesPedigreeFunction,Age
1,115,70,30,96,34.5766,0.5167,32
4,132,0,0,0,32.6234,0.3077,23
1,107,72,30,82,30.7229,0.821,24
2,155,52,27,540,38.6901,0.238,25
0,131,88,0,0,31.8886,0.7447,32
3,84,72,32,0,37.4885,0.2685,28
2,100,64,23,0,29.8099,0.3652,21
5,96,74,18,67,33.7077,0.9957,43
5,111,72,28,0,23.9588,0.4049,27
3,78,50,32,88,31.0836,0.2461,26
0,147,85,54,0,42.7452,0.3844,24
10,162,84,0,0,27.4808,0.1741,54
4,127,88,11,155,34.8322,0.6023,28
0,101,62,0,0,21.9571,0.3353,25
6,124,72,0,0,27.1858,0.3694,29
6,99,60,19,54,26.7881,0.4962,32
0,123,88,37,0,35.2873,0.1905,29
5,44,62,0,0,24.8623,0.5738,36
3,103,72,30,152,27.378,0.7163,27
3,173,84,33,474,35.368,0.2646,22
5,77,82,41,42,35.9356,0.1651,35
0,135,94,46,145,40.2127,0.281,26
3,111,62,0,0,22.751,0.1358,21
8,120,78,0,0,24.5914,0.3975,64
7,62,78,0,0,32.3467,0.3959,41
4,146,78,0,0,38.5181,0.5131,67
9,184,85,15,0,30.0146,1.2018,49
0,117,0,0,0,33.748,0.9304,44
4,171,72,0,0,43.6805,0.4821,26
12,100,84,33,105,30.079,0.4847,46
0,145,0,0,0,44.1937,0.6341,31
5,136,84,41,88,35.1185,0.274,35
0,141,84,26,0,32.5524,0.4241,22
3,87,60,18,0,21.728,0.4472,21
5,128,80,0,0,34.3607,0.1347,45
10,129,62,36,0,41.094,0.4351,38
8,179,72,42,130,32.3766,0.7171,36
7,106,60,24,0,26.529,0.2973,29
2,83,66,23,50,32.163,0.5078,22
4,123,62,0,0,32.1073,0.2208,35
7,137,90,41,0,31.785,0.3901,39
0,101,65,28,0,24.7814,0.2263,22
4,95,70,32,0,31.9334,0.6007,24
0,95,80,45,92,36.3187,0.3331,26
3,158,76,36,245,31.4415,0.8511,28
2,114,68,22,0,28.5565,0.0984,25
1,100,66,29,196,31.9907,0.4457,42
2,120,76,37,105,39.8453,0.2175,29
0,91,68,32,210,39.9885,0.3743,25
1,189,60,23,846,30.087,0.407,59
7,159,64,0,0,27.7731,0.2976,40
8,126,88,36,108,38.5872,0.3641,49
0,131,66,40,0,34.5406,0.1905,22
11,155,76,28,150,33.22,1.3598,51
12,151,70,40,271,41.6816,0.7368,38
0,105,64,41,142,41.4042,0.1852,22
3,113,44,13,0,22.6108,0.1454,22
3,130,78,23,79,28.7446,0.3302,34
0,67,76,0,0,45.2404,0.2045,46
3,169,74,19,125,29.8241,0.2673,31
3,99,62,19,74,21.8144,0.2859,26
12,88,74,40,54,35.3367,0.3676,48
1,139,62,41,480,40.6152,0.5371,21
5,110,68,0,0,25.7174,0.2917,30
2,129,0,0,0,38.2535,0.3039,41
2,158,90,0,0,31.796,0.7941,66
10,125,70,26,115,31.1779,0.2022,41
6,105,70,32,68,30.7452,0.1267,37
2,99,70,16,44,20.4625,0.2195,27
1,147,94,41,0,49.2013,0.3522,27
10,101,76,48,180,32.8548,0.1661,63
5,139,80,35,160,31.8436,0.3595,25
1,119,88,41,170,45.6414,0.5101,26
7,179,95,31,0,34.099,0.164,60
0,165,76,43,255,47.9734,0.269,26
8,99,84,0,0,35.3067,0.3928,50
2,142,82,18,64,25.0385,0.7492,21
6,102,90,39,0,35.4662,0.6749,28
