age,sex,cp,trestbps,chol,fbs,restecg,thalach,exang,oldpeak,slope,ca,thal
35,1,1,122,192,0,1,174,0,0.0,2,0,2
58,0,0,100,248,0,0,122,0,0.9811,1,0,2
45,0,0,138,236,0,0,152,1,0.2649,1,0,2
55,0,0,128,205,0,2,130,1,2.0198,1,1,3
49,1,2,118,149,0,0,126,0,0.8484,2,3,2
53,0,2,128,216,0,0,115,0,0.0124,2,0,0
56,1,1,120,236,0,1,178,0,0.8517,2,0,2
67,1,0,120,229,0,0,129,1,2.6094,1,2,3
53,0,0,138,234,0,0,160,0,0.0,2,0,2
57,0,0,140,241,0,1,123,1,0.1339,1,0,3
57,1,0,140,192,0,1,148,0,0.3578,1,0,1
41,1,1,135,203,0,1,132,0,0.0,1,0,1
62,0,2,130,263,0,1,97,0,1.1467,1,1,3
52,1,0,112,230,0,1,160,0,0.0,2,1,2
67,1,0,120,237,0,1,71,0,0.9643,1,0,2
46,1,0,120,249,0,0,144,0,0.7504,2,0,3
66,0,3,150,226,0,1,114,0,2.5481,0,0,2
65,1,3,138,282,1,0,174,0,1.4515,1,1,2
70,1,0,130,322,0,0,109,0,2.4418,1,3,2
46,1,1,101,197,1,1,156,0,0.0,2,0,3
43,1,0,110,211,0,1,161,0,0.0426,2,0,3
48,1,0,124,274,0,0,166,0,0.4787,1,0,3
58,1,0,114,318,0,2,140,0,4.3741,0,3,1
58,1,0,125,300,0,0,171,0,0.0,2,2,3
51,1,2,94,227,0,1,154,1,0.0748,2,1,3
37,1,2,130,250,0,1,187,0,3.5003,0,0,2
50,1,2,129,196,0,1,163,0,0.0124,2,0,2
63,0,2,135,252,0,0,172,0,0.0,2,0,2
44,1,2,120,226,0,1,169,0,0.0293,2,0,2
56,0,0,200,288,1,0,133,1,3.9919,0,2,3
74,0,1,120,269,0,0,121,1,0.2096,2,1,2
