age,sex,cp,trestbps,chol,fbs,restecg,thalach,exang,oldpeak,slope,ca,thal,Outcome
71,1,1,148,294,0,1,219,0,2.747,2,0,2,0
66,1,2,122,285,0,1,195,1,1.8618,2,1,3,0
72,1,0,168,250,0,1,189,0,2.3426,1,0,1,0
67,1,0,140,288,0,1,201,0,1.9897,2,1,2,1
73,1,0,153,358,0,0,212,0,1.9485,2,2,3,1
52,1,2,158,308,0,1,228,0,5.4133,0,0,2,0
64,1,2,146,207,0,0,167,0,2.8182,2,3,2,1
68,0,2,156,274,0,0,156,0,2.0035,2,0,0,0
71,0,0,228,346,1,0,174,1,5.94,0,2,3,1
58,1,0,138,269,0,1,202,0,1.9068,2,0,3,0
77,0,2,158,321,0,1,138,0,3.2076,1,1,3,1
50,1,1,150,250,0,1,215,0,1.8344,2,0,2,0
73,1,0,142,376,0,2,181,0,6.3601,0,3,1,1
73,0,0,128,306,0,0,163,0,2.9291,1,0,2,0
85,1,0,158,380,0,0,150,0,4.28,1,3,2,1
81,0,3,178,284,0,1,155,0,4.4968,0,0,2,0
72,0,0,168,299,0,1,164,1,2.1481,1,0,3,1
63,1,0,152,332,0,0,207,0,2.429,1,0,3,1
82,1,0,148,295,0,1,112,0,2.9874,1,0,2,1
70,0,0,156,263,0,2,171,1,3.9229,1,1,3,1
80,1,3,166,340,1,0,215,0,3.3925,1,1,2,1
82,1,0,148,287,0,0,170,1,4.5263,1,2,3,1
61,1,0,148,307,0,0,185,0,2.6978,2,0,3,1
59,1,2,148,284,0,1,210,0,1.9329,2,0,2,0
78,0,2,163,310,0,0,213,0,1.9159,2,0,2,0
68,0,0,166,292,0,0,201,0,1.94,2,0,2,0
60,0,0,166,294,0,0,193,1,2.1193,1,0,2,0
56,1,1,163,261,0,1,173,0,1.9048,1,0,1,0
65,1,2,157,254,0,1,204,0,1.927,2,0,2,0
89,0,1,148,327,0,0,162,1,2.197,2,1,2,0
61,1,1,129,255,1,1,197,0,1.9761,2,0,3,0
